t_epoch,t_rel,PV,MV_pct,crL
1785222699.6,2.9,41.300000000000004,0.0,2
1785222701.9,5.3,41.5,0.0,2
1785222704.3,7.6,41.5,0.0,2
1785222706.6,9.9,41.400000000000006,0.0,2
1785222708.9,12.3,41.300000000000004,0.0,2
1785222711.3,14.6,41.400000000000006,0.0,2
1785222713.6,16.9,41.300000000000004,0.0,2
1785222715.9,19.3,41.300000000000004,0.0,2
1785222718.2,21.6,41.400000000000006,0.0,2
1785222720.6,23.9,41.300000000000004,0.0,2
1785222722.9,26.2,41.300000000000004,0.0,2
1785222725.2,28.6,41.400000000000006,0.0,2
1785222727.6,30.9,41.300000000000004,0.0,2
1785222729.9,33.2,41.300000000000004,0.0,2
1785222732.2,35.5,41.300000000000004,0.0,2
1785222734.5,37.9,41.300000000000004,0.0,2
1785222736.8,40.2,41.300000000000004,0.0,2
1785222739.2,42.5,41.300000000000004,0.0,2
1785222741.5,44.9,41.300000000000004,0.0,2
1785222743.8,47.2,41.300000000000004,0.0,2
1785222746.2,49.5,41.2,0.0,2
1785222748.5,51.9,41.300000000000004,0.0,2
1785222750.9,54.3,41.2,0.0,2
1785222753.3,56.6,41.300000000000004,0.0,2
1785222755.6,59.0,41.2,0.0,2
1785222758.0,61.4,41.400000000000006,0.0,2
1785222760.4,63.7,41.300000000000004,0.0,2
1785222762.7,66.0,41.2,0.0,2
1785222765.0,68.4,41.1,0.0,2
1785222767.4,70.7,41.2,0.0,2
1785222769.7,73.1,41.2,0.0,2
1785222772.1,75.4,41.2,0.0,2
1785222774.4,77.8,41.1,0.0,2
1785222776.8,80.1,41.2,0.0,2
1785222779.1,82.4,41.1,0.0,2
1785222781.4,84.8,41.1,0.0,2
1785222783.8,87.1,41.1,0.0,2
1785222786.1,89.5,41.1,0.0,2
1785222788.4,91.8,41.1,0.0,2
1785222790.8,94.1,41.1,0.0,2
1785222793.1,96.4,41.0,0.0,2
1785222795.5,98.8,40.800000000000004,0.0,2
1785222797.8,101.2,41.1,0.0,2
1785222800.2,103.5,41.1,0.0,2
1785222802.5,105.8,41.1,0.0,2
1785222804.9,108.2,41.1,0.0,2
1785222807.2,110.6,41.1,0.0,2
1785222809.6,112.9,41.1,0.0,2
1785222812.0,115.3,41.0,0.0,2
1785222814.3,117.7,41.0,0.0,2
1785222816.7,120.1,41.1,0.0,2
1785222819.1,122.4,41.1,0.0,2
1785222821.4,124.7,41.0,0.0,2
1785222823.7,127.1,41.0,0.0,2
1785222826.1,129.4,41.0,0.0,2
1785222828.4,131.8,41.0,0.0,2
1785222830.8,134.1,40.900000000000006,0.0,2
1785222833.1,136.5,40.900000000000006,0.0,2
1785222835.5,138.8,40.900000000000006,0.0,2
1785222837.8,141.1,41.0,0.0,2
1785222840.2,143.5,40.900000000000006,0.0,2
1785222842.5,145.8,40.900000000000006,0.0,2
1785222844.8,148.2,40.900000000000006,0.0,2
1785222847.2,150.5,40.900000000000006,0.0,2
1785222849.5,152.9,40.900000000000006,0.0,2
1785222851.9,155.2,40.900000000000006,0.0,2
1785222854.3,157.6,40.900000000000006,0.0,2
1785222856.6,159.9,40.900000000000006,0.0,2
1785222858.9,162.3,40.900000000000006,0.0,2
1785222861.3,164.6,40.800000000000004,0.0,2
1785222863.6,167.0,40.800000000000004,0.0,2
1785222866.0,169.3,40.800000000000004,0.0,2
1785222868.3,171.7,40.800000000000004,0.0,2
1785222870.7,174.0,40.6,0.0,2
1785222873.0,176.4,40.800000000000004,0.0,2
1785222875.4,178.7,40.800000000000004,0.0,2
1785222877.7,181.0,40.800000000000004,0.0,2
1785222880.0,183.4,40.7,0.0,2
1785222882.4,185.7,40.7,0.0,2
1785222884.7,188.1,40.7,0.0,2
1785222887.0,190.4,40.900000000000006,0.0,2
1785222889.4,192.7,40.900000000000006,0.0,2
1785222891.7,195.0,40.7,0.0,2
1785222894.0,197.4,40.7,0.0,2
1785222896.4,199.7,40.800000000000004,0.0,2
1785222898.7,202.0,40.7,0.0,2
1785222901.0,204.4,40.7,0.0,2
1785222903.3,206.7,40.7,0.0,2
1785222905.7,209.0,40.7,0.0,2
1785222908.0,211.4,40.6,0.0,2
1785222910.3,213.7,40.6,0.0,2
1785222912.7,216.0,40.5,0.0,2
1785222915.0,218.4,40.6,0.0,2
1785222917.4,220.7,40.6,0.0,2
1785222919.7,223.1,40.6,0.0,2
1785222922.1,225.4,40.5,0.0,2
1785222924.5,227.8,40.6,0.0,2
1785222926.8,230.2,40.6,0.0,2
1785222929.2,232.5,40.6,0.0,2
1785222931.5,234.9,40.6,0.0,2
1785222933.9,237.2,40.7,0.0,2
1785222936.2,239.5,40.6,0.0,2
1785222938.5,241.9,40.6,0.0,2
1785222940.9,244.2,40.6,0.0,2
1785222943.2,246.6,40.5,0.0,2
1785222945.5,248.9,40.6,0.0,2
1785222947.9,251.2,40.5,0.0,2
1785222950.2,253.6,40.7,0.0,2
1785222952.6,255.9,40.6,0.0,2
1785222954.9,258.2,40.6,0.0,2
1785222957.2,260.6,40.6,0.0,2
1785222959.5,262.9,40.400000000000006,0.0,2
1785222961.9,265.2,40.5,0.0,2
1785222964.2,267.5,40.400000000000006,0.0,2
1785222966.5,269.9,40.5,0.0,2
1785222968.8,272.2,40.6,0.0,2
1785222971.2,274.5,40.5,0.0,2
1785222973.5,276.9,40.6,0.0,2
1785222975.9,279.2,40.5,0.0,2
1785222978.2,281.6,40.5,0.0,2
1785222980.6,283.9,40.5,0.0,2
1785222982.9,286.2,40.5,0.0,2
1785222985.2,288.6,40.400000000000006,0.0,2
1785222987.6,290.9,40.400000000000006,0.0,2
1785222989.9,293.2,40.400000000000006,0.0,2
1785222992.2,295.6,40.300000000000004,0.0,2
1785222994.6,297.9,40.400000000000006,0.0,2
1785222996.9,300.2,40.400000000000006,0.0,2
1785222999.2,302.6,40.300000000000004,0.0,2
1785223001.6,305.0,40.300000000000004,0.0,2
1785223004.0,307.3,40.300000000000004,0.0,2
1785223006.4,309.7,40.300000000000004,0.0,2
1785223008.7,312.1,40.300000000000004,0.0,2
1785223011.1,314.4,40.300000000000004,0.0,2
1785223013.5,316.8,40.300000000000004,0.0,2
1785223015.8,319.2,40.300000000000004,0.0,2
1785223018.2,321.5,40.300000000000004,0.0,2
1785223020.6,323.9,40.300000000000004,0.0,2
1785223022.9,326.2,40.300000000000004,0.0,2
1785223025.3,328.6,40.2,0.0,2
1785223027.6,330.9,40.300000000000004,0.0,2
1785223029.9,333.3,40.1,0.0,2
1785223032.3,335.6,40.2,0.0,2
1785223034.6,338.0,40.400000000000006,0.0,2
1785223037.0,340.3,40.2,0.0,2
1785223039.3,342.7,40.1,0.0,2
1785223041.6,345.0,40.2,0.0,2
1785223044.0,347.3,40.300000000000004,0.0,2
1785223046.3,349.6,40.2,0.0,2
1785223048.7,352.0,40.2,0.0,2
1785223051.0,354.3,40.2,0.0,2
1785223053.4,356.7,40.300000000000004,0.0,2
1785223055.7,359.0,40.2,0.0,2
1785223058.1,361.4,40.2,0.0,2
1785223060.4,363.8,40.1,0.0,2
1785223062.8,366.1,40.2,0.0,2
1785223065.1,368.5,40.2,0.0,2
1785223067.4,370.8,40.2,0.0,2
1785223069.8,373.1,40.2,0.0,2
1785223072.1,375.5,40.1,0.0,2
1785223074.5,377.8,40.1,0.0,2
1785223076.8,380.2,40.0,0.0,2
1785223079.2,382.5,40.1,0.0,2
1785223081.5,384.9,40.2,0.0,2
1785223083.9,387.2,40.1,0.0,2
1785223086.2,389.6,40.1,0.0,2
1785223088.6,392.0,40.2,0.0,2
1785223091.0,394.3,40.1,0.0,2
1785223093.3,396.7,40.1,0.0,2
1785223095.7,399.0,40.0,0.0,2
1785223098.0,401.4,40.1,0.0,2
1785223100.4,403.7,40.1,0.0,2
1785223102.7,406.0,40.0,0.0,2
1785223105.0,408.4,40.0,0.0,2
1785223107.3,410.7,40.0,0.0,2
1785223109.7,413.0,40.0,0.0,2
1785223112.1,415.4,39.900000000000006,0.0,2
1785223114.4,417.7,40.0,0.0,2
1785223116.7,420.1,40.0,0.0,2
1785223119.0,422.4,39.900000000000006,0.0,2
1785223121.4,424.7,39.900000000000006,0.0,2
1785223123.7,427.0,39.900000000000006,0.0,2
1785223126.0,429.4,40.0,0.0,2
1785223128.4,431.7,39.900000000000006,0.0,2
1785223130.7,434.0,39.900000000000006,0.0,2
1785223133.0,436.4,39.900000000000006,0.0,2
1785223135.4,438.7,39.800000000000004,0.0,2
1785223137.7,441.0,39.900000000000006,0.0,2
1785223140.1,443.4,39.900000000000006,0.0,2
1785223142.4,445.7,39.800000000000004,0.0,2
1785223144.7,448.1,39.900000000000006,0.0,2
1785223147.1,450.5,39.900000000000006,0.0,2
1785223149.5,452.8,39.900000000000006,0.0,2
1785223151.9,455.2,39.900000000000006,0.0,2
1785223154.3,457.6,39.7,0.0,2
1785223156.6,460.0,39.800000000000004,0.0,2
1785223159.1,462.4,39.800000000000004,0.0,2
1785223161.4,464.8,39.900000000000006,0.0,2
1785223163.8,467.2,39.900000000000006,0.0,2
1785223166.2,469.5,39.7,0.0,2
1785223168.6,471.9,39.800000000000004,0.0,2
1785223171.0,474.3,39.800000000000004,0.0,2
1785223173.4,476.7,39.800000000000004,0.0,2
1785223175.7,479.1,39.7,0.0,2
1785223178.1,481.4,39.800000000000004,0.0,2
1785223180.5,483.8,39.7,0.0,2
1785223182.9,486.2,39.900000000000006,0.0,2
1785223185.3,488.6,39.800000000000004,0.0,2
1785223187.6,491.0,39.6,0.0,2
1785223190.0,493.4,39.6,0.0,2
1785223192.4,495.7,39.7,0.0,2
1785223194.8,498.1,39.7,0.0,2
1785223197.2,500.5,39.800000000000004,0.0,2
1785223199.5,502.9,39.800000000000004,0.0,2
1785223201.9,505.3,39.6,0.0,2
1785223204.3,507.6,39.6,0.0,2
1785223206.7,510.0,39.7,0.0,2
1785223209.1,512.4,39.6,0.0,2
1785223211.4,514.8,39.6,0.0,2
1785223213.8,517.1,39.7,0.0,2
1785223216.2,519.5,39.6,0.0,2
1785223218.5,521.8,39.7,0.0,2
1785223220.8,524.2,39.7,0.0,2
1785223223.2,526.6,39.5,0.0,2
1785223225.6,528.9,39.5,0.0,2
1785223228.0,531.3,39.5,0.0,2
1785223230.3,533.7,39.7,0.0,2
1785223232.7,536.0,39.6,0.0,2
1785223235.1,538.4,39.7,0.0,2
1785223237.4,540.7,39.6,0.0,2
1785223239.8,543.1,39.7,0.0,2
1785223242.1,545.4,39.7,0.0,2
1785223244.4,547.8,39.7,0.0,2
1785223246.8,550.1,39.800000000000004,0.0,2
1785223249.1,552.4,39.5,0.0,2
1785223251.4,554.8,39.5,0.0,2
1785223253.8,557.1,39.400000000000006,100.0,2
1785223256.1,559.5,39.5,100.0,2
1785223258.5,561.8,39.5,100.0,2
1785223260.8,564.1,39.5,100.0,2
1785223263.1,566.5,39.6,100.0,2
1785223265.5,568.8,39.5,100.0,2
1785223267.8,571.2,39.5,100.0,2
1785223270.2,573.5,39.5,100.0,2
1785223272.5,575.8,39.400000000000006,100.0,2
1785223274.8,578.2,39.5,100.0,2
1785223277.2,580.5,39.6,100.0,2
1785223279.6,582.9,39.400000000000006,100.0,2
1785223281.9,585.2,39.400000000000006,100.0,2
1785223284.2,587.6,39.400000000000006,100.0,2
1785223286.6,589.9,39.400000000000006,100.0,2
1785223289.0,592.3,39.5,100.0,2
1785223291.3,594.6,39.400000000000006,100.0,2
1785223293.6,597.0,39.5,100.0,2
1785223296.0,599.3,39.5,100.0,2
1785223298.3,601.7,39.5,100.0,2
1785223300.7,604.0,39.400000000000006,100.0,2
1785223303.0,606.4,39.5,100.0,2
1785223305.4,608.7,39.400000000000006,100.0,2
1785223307.8,611.1,39.5,100.0,2
1785223310.1,613.5,39.5,100.0,2
1785223312.5,615.8,39.5,100.0,2
1785223314.8,618.2,39.6,100.0,2
1785223317.2,620.5,39.5,100.0,2
1785223319.5,622.8,39.6,100.0,2
1785223321.8,625.2,39.5,100.0,2
1785223324.2,627.5,39.6,100.0,2
1785223326.5,629.8,39.6,100.0,2
1785223328.8,632.2,39.6,100.0,2
1785223331.2,634.5,39.6,100.0,2
1785223333.5,636.9,39.7,100.0,2
1785223335.9,639.2,39.6,100.0,2
1785223338.2,641.6,39.7,100.0,2
1785223340.6,643.9,39.7,100.0,2
1785223343.0,646.3,39.7,100.0,2
1785223345.3,648.7,39.7,100.0,2
1785223347.7,651.0,39.800000000000004,100.0,2
1785223350.0,653.4,39.800000000000004,100.0,2
1785223352.4,655.7,39.800000000000004,100.0,2
1785223354.7,658.0,39.900000000000006,100.0,2
1785223357.1,660.4,40.0,100.0,2
1785223359.4,662.8,39.900000000000006,100.0,2
1785223361.8,665.1,39.900000000000006,100.0,2
1785223364.1,667.5,39.900000000000006,100.0,2
1785223366.5,669.8,40.0,100.0,2
1785223368.9,672.2,40.0,100.0,2
1785223371.2,674.5,40.0,100.0,2
1785223373.6,676.9,40.1,100.0,2
1785223375.9,679.3,40.0,100.0,2
1785223378.3,681.6,40.1,100.0,2
1785223380.6,684.0,40.1,100.0,2
1785223383.0,686.3,40.1,100.0,2
1785223385.4,688.7,40.2,100.0,2
1785223387.7,691.1,40.400000000000006,100.0,2
1785223390.1,693.4,40.300000000000004,100.0,2
1785223392.4,695.7,40.2,100.0,2
1785223394.7,698.1,40.300000000000004,100.0,2
1785223397.1,700.4,40.5,100.0,2
1785223399.5,702.8,40.400000000000006,100.0,2
1785223401.8,705.1,40.400000000000006,100.0,2
1785223404.1,707.5,40.5,100.0,2
1785223406.5,709.8,40.400000000000006,100.0,2
1785223408.9,712.2,40.6,0.0,2
1785223411.2,714.6,40.400000000000006,0.0,2
1785223413.6,716.9,40.6,0.0,2
1785223415.9,719.2,40.6,0.0,2
1785223418.3,721.6,40.800000000000004,0.0,2
1785223420.6,723.9,40.6,0.0,2
1785223422.9,726.3,40.800000000000004,0.0,2
1785223425.3,728.6,40.6,0.0,2
1785223427.6,731.0,40.800000000000004,0.0,2
1785223430.0,733.3,41.0,0.0,2
1785223432.3,735.7,40.800000000000004,0.0,2
1785223434.6,738.0,40.900000000000006,0.0,2
1785223437.0,740.3,40.900000000000006,0.0,2
1785223439.3,742.6,41.0,0.0,2
1785223441.7,745.0,41.0,0.0,2
1785223444.0,747.4,41.0,0.0,2
1785223446.4,749.7,41.2,0.0,2
1785223448.7,752.0,41.1,0.0,2
1785223451.0,754.4,41.2,0.0,2
1785223453.4,756.7,41.300000000000004,0.0,2
1785223455.8,759.1,41.2,0.0,2
1785223458.1,761.5,41.300000000000004,0.0,2
1785223460.5,763.8,41.1,0.0,2
1785223462.8,766.2,41.1,0.0,2
1785223465.2,768.5,41.300000000000004,0.0,2
1785223467.5,770.9,41.2,0.0,2
1785223469.9,773.2,41.400000000000006,0.0,2
1785223472.2,775.6,41.300000000000004,0.0,2
1785223474.6,777.9,41.300000000000004,0.0,2
1785223476.9,780.3,41.400000000000006,0.0,2
1785223479.3,782.6,41.400000000000006,0.0,2
1785223481.6,785.0,41.400000000000006,0.0,2
1785223484.0,787.3,41.300000000000004,0.0,2
1785223486.3,789.7,41.5,0.0,2
1785223488.7,792.0,41.400000000000006,0.0,2
1785223491.0,794.4,41.5,0.0,2
1785223493.4,796.7,41.300000000000004,0.0,2
1785223495.7,799.1,41.5,0.0,2
1785223498.1,801.4,41.400000000000006,0.0,2
1785223500.4,803.8,41.5,0.0,2
1785223502.8,806.1,41.6,0.0,2
1785223505.1,808.5,41.5,0.0,2
1785223507.5,810.8,41.5,0.0,2
1785223509.8,813.2,41.5,0.0,2
1785223512.2,815.5,41.6,0.0,2
1785223514.5,817.9,41.400000000000006,0.0,2
1785223516.9,820.2,41.5,0.0,2
1785223519.2,822.5,41.5,0.0,2
1785223521.5,824.9,41.5,0.0,2
1785223523.9,827.2,41.5,0.0,2
1785223526.2,829.5,41.6,0.0,2
1785223528.5,831.9,41.6,0.0,2
1785223530.9,834.2,41.5,0.0,2
1785223533.3,836.6,41.5,0.0,2
1785223535.6,838.9,41.6,0.0,2
1785223538.0,841.3,41.6,0.0,2
1785223540.3,843.7,41.5,0.0,2
1785223542.7,846.0,41.6,0.0,2
1785223545.0,848.4,41.7,0.0,2
1785223547.4,850.7,41.6,0.0,2
1785223549.7,853.0,41.6,0.0,2
1785223552.0,855.4,41.6,0.0,2
1785223554.4,857.7,41.6,0.0,2
1785223556.7,860.1,41.400000000000006,0.0,2
1785223559.1,862.4,41.6,0.0,2
1785223561.4,864.7,41.5,0.0,2
1785223563.8,867.1,41.5,0.0,2
1785223566.1,869.5,41.5,0.0,2
1785223568.5,871.8,41.5,0.0,2
1785223570.8,874.2,41.5,0.0,2
1785223573.2,876.5,41.5,0.0,2
1785223575.5,878.9,41.6,0.0,2
1785223577.9,881.2,41.6,0.0,2
1785223580.2,883.5,41.5,0.0,2
1785223582.6,885.9,41.6,0.0,2
1785223584.9,888.2,41.5,0.0,2
1785223587.2,890.6,41.400000000000006,0.0,2
1785223589.6,892.9,41.5,0.0,2
1785223591.9,895.3,41.5,0.0,2
1785223594.3,897.6,41.5,0.0,2
1785223596.6,899.9,41.6,0.0,2
1785223598.9,902.3,41.400000000000006,0.0,2
1785223601.3,904.7,41.400000000000006,0.0,2
1785223603.7,907.0,41.6,0.0,2
1785223606.0,909.4,41.6,0.0,2
1785223608.4,911.7,41.5,0.0,2
1785223610.7,914.1,41.5,0.0,2
1785223613.1,916.4,41.5,0.0,2
1785223615.4,918.7,41.6,0.0,2
1785223617.7,921.1,41.5,0.0,2
1785223620.1,923.4,41.400000000000006,0.0,2
1785223622.4,925.8,41.5,0.0,2
1785223624.8,928.1,41.400000000000006,0.0,2
1785223627.1,930.4,41.400000000000006,0.0,2
1785223629.5,932.8,41.5,0.0,2
1785223631.8,935.1,41.400000000000006,0.0,2
1785223634.1,937.5,41.400000000000006,0.0,2
1785223636.5,939.9,41.400000000000006,0.0,2
1785223638.9,942.2,41.400000000000006,0.0,2
1785223641.2,944.6,41.400000000000006,0.0,2
1785223643.6,946.9,41.400000000000006,0.0,2
1785223645.9,949.2,41.300000000000004,0.0,2
1785223648.2,951.6,41.400000000000006,0.0,2
1785223650.6,953.9,41.400000000000006,0.0,2
1785223652.9,956.3,41.400000000000006,0.0,2
1785223655.3,958.6,41.400000000000006,0.0,2
1785223657.6,961.0,41.400000000000006,0.0,2
1785223660.0,963.3,41.300000000000004,0.0,2
1785223662.4,965.7,41.400000000000006,0.0,2
1785223664.7,968.0,41.2,0.0,2
1785223667.1,970.4,41.300000000000004,0.0,2
1785223669.5,972.8,41.400000000000006,0.0,2
1785223671.8,975.1,41.2,0.0,2
1785223674.1,977.5,41.2,0.0,2
1785223676.5,979.8,41.2,0.0,2
1785223678.9,982.2,41.300000000000004,0.0,2
1785223681.2,984.6,41.300000000000004,0.0,2
1785223683.6,987.0,41.300000000000004,0.0,2
1785223686.0,989.3,41.2,0.0,2
1785223688.4,991.7,41.2,0.0,2
1785223690.7,994.0,41.2,0.0,2
1785223693.1,996.4,41.300000000000004,0.0,2
1785223695.5,998.8,41.300000000000004,0.0,2
1785223697.8,1001.1,41.400000000000006,0.0,2
1785223700.2,1003.5,41.300000000000004,0.0,2
1785223702.5,1005.9,41.2,0.0,2
1785223704.9,1008.2,41.1,0.0,2
1785223707.2,1010.6,41.1,0.0,2
1785223709.6,1012.9,41.2,0.0,2
1785223712.0,1015.3,41.1,0.0,2
1785223714.3,1017.6,41.1,0.0,2
1785223716.7,1020.0,41.1,0.0,2
1785223719.0,1022.4,41.1,0.0,2
1785223721.4,1024.7,41.1,0.0,2
1785223723.7,1027.1,41.1,0.0,2
1785223726.1,1029.4,41.1,0.0,2
1785223728.4,1031.8,41.1,0.0,2
1785223730.8,1034.1,41.1,0.0,2
1785223733.1,1036.5,41.1,0.0,2
1785223735.5,1038.8,41.1,0.0,2
1785223737.8,1041.2,41.1,0.0,2
1785223740.2,1043.5,41.1,0.0,2
1785223742.6,1045.9,41.1,0.0,2
1785223744.9,1048.3,41.1,0.0,2
1785223747.3,1050.6,41.1,0.0,2
1785223749.7,1053.0,41.0,0.0,2
1785223752.0,1055.3,41.0,0.0,2
1785223754.4,1057.7,41.1,0.0,2
1785223756.7,1060.1,41.0,0.0,2
1785223759.1,1062.4,41.0,0.0,2
1785223761.4,1064.8,41.0,0.0,2
1785223763.8,1067.1,41.0,0.0,2
1785223766.1,1069.4,41.1,0.0,2
1785223768.4,1071.8,41.0,0.0,2
1785223770.8,1074.1,40.900000000000006,0.0,2
1785223773.2,1076.5,40.900000000000006,0.0,2
1785223775.5,1078.9,40.900000000000006,0.0,2
1785223777.9,1081.2,40.900000000000006,0.0,2
1785223780.2,1083.6,40.900000000000006,0.0,2
1785223782.6,1085.9,41.0,0.0,2
1785223784.9,1088.3,40.900000000000006,0.0,2
1785223787.3,1090.6,40.900000000000006,0.0,2
1785223789.6,1093.0,40.900000000000006,0.0,2
1785223792.0,1095.3,40.900000000000006,0.0,2
1785223794.3,1097.7,40.800000000000004,0.0,2
1785223796.7,1100.0,40.800000000000004,0.0,2
1785223799.0,1102.4,40.800000000000004,0.0,2
1785223801.3,1104.7,40.900000000000006,0.0,2
1785223803.7,1107.1,40.800000000000004,0.0,2
1785223806.1,1109.4,40.800000000000004,0.0,2
1785223808.4,1111.8,40.800000000000004,0.0,2
1785223810.8,1114.1,40.800000000000004,0.0,2
1785223813.1,1116.5,40.7,0.0,2
1785223815.5,1118.9,40.800000000000004,0.0,2
1785223817.9,1121.2,40.800000000000004,0.0,2
1785223820.2,1123.6,40.800000000000004,0.0,2
1785223822.6,1125.9,40.800000000000004,0.0,2
1785223824.9,1128.2,40.800000000000004,0.0,2
1785223827.2,1130.6,40.800000000000004,0.0,2
1785223829.6,1132.9,40.7,0.0,2
1785223831.9,1135.2,40.800000000000004,0.0,2
1785223834.2,1137.6,40.7,0.0,2
1785223836.6,1139.9,40.7,0.0,2
1785223838.9,1142.2,40.7,0.0,2
1785223841.3,1144.6,40.7,0.0,2
1785223843.6,1146.9,40.6,0.0,2
1785223846.0,1149.3,40.7,0.0,2
1785223848.3,1151.7,40.7,0.0,2
1785223850.7,1154.0,40.7,0.0,2
1785223853.0,1156.4,40.800000000000004,0.0,2
1785223855.4,1158.7,40.7,0.0,2
1785223857.7,1161.0,40.7,0.0,2
1785223860.0,1163.4,40.6,0.0,2
1785223862.4,1165.7,40.6,0.0,2
1785223864.8,1168.1,40.6,0.0,2
1785223867.1,1170.4,40.6,0.0,2
1785223869.5,1172.8,40.7,0.0,2
1785223871.8,1175.1,40.6,0.0,2
1785223874.1,1177.5,40.5,0.0,2
1785223876.5,1179.8,40.6,0.0,2
1785223878.8,1182.2,40.6,0.0,2
1785223881.2,1184.5,40.6,0.0,2
1785223883.5,1186.9,40.7,0.0,2
1785223885.9,1189.2,40.6,0.0,2
1785223888.2,1191.6,40.6,0.0,2
1785223890.6,1193.9,40.5,0.0,2
1785223892.9,1196.3,40.6,0.0,2
1785223895.2,1198.6,40.5,0.0,2
1785223897.6,1200.9,40.5,0.0,2
1785223899.9,1203.3,40.5,0.0,2
1785223902.3,1205.6,40.6,0.0,2
1785223904.6,1208.0,40.5,0.0,2
1785223907.0,1210.3,40.400000000000006,0.0,2
1785223909.3,1212.7,40.5,0.0,2
1785223911.7,1215.0,40.5,0.0,2
1785223914.0,1217.4,40.5,0.0,2
1785223916.4,1219.7,40.400000000000006,0.0,2
1785223918.7,1222.0,40.400000000000006,0.0,2
1785223921.1,1224.4,40.400000000000006,0.0,2
1785223923.4,1226.7,40.400000000000006,0.0,2
1785223925.8,1229.1,40.400000000000006,0.0,2
1785223928.1,1231.4,40.400000000000006,0.0,2
1785223930.4,1233.8,40.6,0.0,2
1785223932.8,1236.1,40.400000000000006,0.0,2
1785223935.1,1238.5,40.400000000000006,0.0,2
1785223937.5,1240.9,40.300000000000004,0.0,2
1785223939.9,1243.2,40.400000000000006,0.0,2
1785223942.2,1245.5,40.5,0.0,2
1785223944.6,1247.9,40.400000000000006,0.0,2
1785223946.9,1250.2,40.300000000000004,0.0,2
1785223949.2,1252.6,40.300000000000004,0.0,2
1785223951.6,1254.9,40.400000000000006,0.0,2
1785223954.0,1257.3,40.5,0.0,2
1785223956.3,1259.6,40.300000000000004,0.0,2
1785223958.7,1262.0,40.400000000000006,0.0,2
1785223961.0,1264.4,40.300000000000004,0.0,2
1785223963.4,1266.7,40.400000000000006,0.0,2
1785223965.7,1269.1,40.300000000000004,0.0,2
1785223968.1,1271.4,40.2,0.0,2
1785223970.4,1273.8,40.300000000000004,0.0,2
1785223972.8,1276.1,40.300000000000004,0.0,2
1785223975.1,1278.5,40.2,0.0,2
1785223977.5,1280.8,40.300000000000004,0.0,2
1785223979.8,1283.2,40.300000000000004,0.0,2
1785223982.2,1285.5,40.1,0.0,2
1785223984.5,1287.9,40.2,0.0,2
1785223986.9,1290.2,40.2,0.0,2
1785223989.3,1292.6,40.300000000000004,0.0,2
1785223991.6,1295.0,40.2,0.0,2
1785223994.0,1297.4,40.2,0.0,2
1785223996.4,1299.7,40.2,0.0,2
1785223998.8,1302.1,40.400000000000006,0.0,2
1785224001.2,1304.5,40.2,0.0,2
1785224003.5,1306.8,40.2,0.0,2
1785224005.8,1309.2,40.0,0.0,2
1785224008.2,1311.6,40.2,0.0,2
1785224010.6,1313.9,40.2,0.0,2
1785224012.9,1316.2,40.1,0.0,2
1785224015.2,1318.6,40.1,0.0,2
1785224017.6,1320.9,40.1,0.0,2
1785224019.9,1323.3,40.1,0.0,2
1785224022.3,1325.6,40.1,0.0,2
1785224024.6,1328.0,40.1,0.0,2
1785224027.0,1330.3,40.1,0.0,2
1785224029.3,1332.7,40.1,0.0,2
1785224031.7,1335.0,40.2,0.0,2
1785224034.0,1337.4,40.0,0.0,2
1785224036.4,1339.8,40.0,0.0,2
1785224038.8,1342.1,39.800000000000004,0.0,2
1785224041.1,1344.5,40.1,0.0,2
1785224043.5,1346.8,40.0,0.0,2
1785224045.9,1349.2,40.1,0.0,2
1785224048.2,1351.5,40.0,0.0,2
1785224050.5,1353.9,40.0,0.0,2
1785224052.9,1356.2,40.1,0.0,2
1785224055.2,1358.6,40.0,0.0,2
1785224057.6,1360.9,40.0,0.0,2
1785224060.0,1363.3,40.0,0.0,2
1785224062.3,1365.6,40.0,0.0,2
1785224064.6,1368.0,40.0,0.0,2
1785224067.0,1370.3,40.0,0.0,2
1785224069.3,1372.7,40.0,0.0,2
1785224071.7,1375.0,40.0,0.0,2
1785224074.1,1377.4,40.0,0.0,2
1785224076.4,1379.8,39.900000000000006,0.0,2
1785224078.8,1382.1,39.900000000000006,0.0,2
1785224081.1,1384.5,40.0,0.0,2
1785224083.5,1386.8,39.900000000000006,0.0,2
1785224085.9,1389.2,39.800000000000004,0.0,2
1785224088.2,1391.6,39.900000000000006,0.0,2
1785224090.6,1393.9,39.800000000000004,0.0,2
1785224092.9,1396.3,39.7,0.0,2
1785224095.3,1398.6,39.800000000000004,0.0,2
1785224097.6,1400.9,39.900000000000006,0.0,2
1785224099.9,1403.3,39.800000000000004,0.0,2
1785224102.3,1405.6,39.800000000000004,0.0,2
1785224104.6,1408.0,39.900000000000006,0.0,2
1785224107.0,1410.3,39.900000000000006,0.0,2
1785224109.3,1412.7,39.900000000000006,0.0,2
1785224111.7,1415.0,39.7,0.0,2
1785224114.0,1417.4,39.7,0.0,2
1785224116.4,1419.7,39.800000000000004,0.0,2
1785224118.7,1422.1,39.800000000000004,0.0,2
1785224121.1,1424.4,40.0,0.0,2
1785224123.4,1426.8,39.800000000000004,0.0,2
1785224125.8,1429.1,39.800000000000004,0.0,2
1785224128.1,1431.5,39.800000000000004,0.0,2
1785224130.5,1433.8,39.800000000000004,0.0,2
1785224132.8,1436.2,39.7,0.0,2
1785224135.2,1438.5,39.7,0.0,2
1785224137.5,1440.9,39.7,0.0,2
1785224139.9,1443.2,39.800000000000004,0.0,2
1785224142.2,1445.6,39.7,0.0,2
1785224144.6,1447.9,39.800000000000004,0.0,2
1785224146.9,1450.3,39.800000000000004,0.0,2
1785224149.3,1452.6,39.800000000000004,0.0,2
1785224151.7,1455.0,39.800000000000004,0.0,2
1785224154.0,1457.4,39.7,0.0,2
1785224156.4,1459.7,39.6,0.0,2
1785224158.7,1462.1,39.7,0.0,2
1785224161.1,1464.4,39.7,0.0,2
1785224163.4,1466.8,39.7,0.0,2
1785224165.8,1469.1,39.7,0.0,2
1785224168.1,1471.5,39.7,0.0,2
1785224170.5,1473.8,39.7,0.0,2
1785224172.8,1476.2,39.7,0.0,2
1785224175.2,1478.5,39.6,0.0,2
1785224177.5,1480.9,39.6,0.0,2
1785224179.9,1483.3,39.6,0.0,2
1785224182.3,1485.6,39.6,0.0,2
1785224184.7,1488.0,39.7,0.0,2
1785224187.0,1490.3,39.7,0.0,2
1785224189.4,1492.7,39.6,0.0,2
1785224191.8,1495.1,39.5,0.0,2
1785224194.1,1497.5,39.5,0.0,2
1785224196.5,1499.8,39.5,0.0,2
1785224198.8,1502.1,39.5,100.0,2
1785224201.2,1504.5,39.5,100.0,2
1785224203.5,1506.8,39.5,100.0,2
1785224205.9,1509.2,39.5,100.0,2
1785224208.2,1511.6,39.6,100.0,2
1785224210.6,1513.9,39.5,100.0,2
1785224212.9,1516.3,39.5,100.0,2
1785224215.3,1518.6,39.5,100.0,2
1785224217.7,1521.0,39.6,100.0,2
1785224220.1,1523.4,39.400000000000006,100.0,2
1785224222.4,1525.8,39.5,100.0,2
1785224224.8,1528.1,39.6,100.0,2
1785224227.2,1530.5,39.5,100.0,2
1785224229.6,1532.9,39.5,100.0,2
1785224231.9,1535.3,39.400000000000006,100.0,2
1785224234.3,1537.7,39.400000000000006,100.0,2
1785224236.6,1540.0,39.400000000000006,100.0,2
1785224239.0,1542.4,39.5,100.0,2
1785224241.4,1544.7,39.5,100.0,2
1785224243.7,1547.1,39.5,100.0,2
1785224246.1,1549.4,39.6,100.0,2
1785224248.4,1551.7,39.5,100.0,2
1785224250.8,1554.1,39.5,100.0,2
1785224253.1,1556.5,39.6,100.0,2
1785224255.5,1558.8,39.5,100.0,2
1785224257.8,1561.2,39.5,100.0,2
1785224260.2,1563.5,39.6,100.0,2
1785224262.5,1565.9,39.6,100.0,2
1785224264.9,1568.2,39.7,100.0,2
1785224267.3,1570.6,39.6,100.0,2
1785224269.7,1573.0,39.6,100.0,2
1785224272.0,1575.3,39.6,100.0,2
1785224274.4,1577.7,39.6,100.0,2
1785224276.7,1580.1,39.7,100.0,2
1785224279.1,1582.5,39.7,100.0,2
1785224281.5,1584.8,39.7,100.0,2
1785224283.8,1587.2,39.7,100.0,2
1785224286.2,1589.6,39.800000000000004,100.0,2
1785224288.6,1591.9,39.6,100.0,2
1785224290.9,1594.2,39.7,100.0,2
1785224293.3,1596.6,39.800000000000004,100.0,2
1785224295.6,1598.9,39.800000000000004,100.0,2
1785224297.9,1601.3,39.900000000000006,100.0,2
1785224300.3,1603.6,39.900000000000006,100.0,2
1785224302.7,1606.0,39.900000000000006,100.0,2
1785224305.0,1608.3,39.900000000000006,100.0,2
1785224307.3,1610.7,39.900000000000006,100.0,2
1785224309.7,1613.0,40.1,100.0,2
1785224312.0,1615.4,40.1,100.0,2
1785224314.4,1617.7,40.0,100.0,2
1785224316.7,1620.1,40.1,100.0,2
1785224319.1,1622.5,40.1,100.0,2
1785224321.5,1624.8,40.2,100.0,2
1785224323.9,1627.2,40.1,100.0,2
1785224326.3,1629.6,40.2,100.0,2
1785224328.6,1632.0,40.2,100.0,2
1785224331.0,1634.3,40.300000000000004,100.0,2
1785224333.3,1636.6,40.2,100.0,2
1785224335.6,1639.0,40.300000000000004,100.0,2
1785224338.0,1641.3,40.400000000000006,100.0,2
1785224340.3,1643.7,40.400000000000006,100.0,2
1785224342.7,1646.0,40.400000000000006,100.0,2
1785224345.0,1648.4,40.400000000000006,100.0,2
1785224347.4,1650.7,40.400000000000006,100.0,2
1785224349.8,1653.1,40.5,100.0,2
1785224352.1,1655.5,40.400000000000006,100.0,2
1785224354.5,1657.8,40.5,0.0,2
1785224356.9,1660.2,40.6,0.0,2
1785224359.2,1662.5,40.7,0.0,2
1785224361.5,1664.9,40.7,0.0,2
1785224363.9,1667.2,40.7,0.0,2
1785224366.2,1669.6,40.800000000000004,0.0,2
1785224368.6,1671.9,40.7,0.0,2
1785224370.9,1674.3,40.800000000000004,0.0,2
1785224373.3,1676.6,40.7,0.0,2
1785224375.6,1679.0,40.900000000000006,0.0,2
1785224378.0,1681.3,40.900000000000006,0.0,2
1785224380.3,1683.7,41.0,0.0,2
1785224382.7,1686.0,40.900000000000006,0.0,2
1785224385.0,1688.4,40.900000000000006,0.0,2
1785224387.4,1690.8,41.0,0.0,2
1785224389.8,1693.1,41.1,0.0,2
1785224392.1,1695.5,41.0,0.0,2
1785224394.5,1697.9,41.1,0.0,2
1785224396.9,1700.2,41.1,0.0,2
1785224399.2,1702.6,41.2,0.0,2
1785224401.6,1704.9,41.2,0.0,2
1785224403.9,1707.3,41.300000000000004,0.0,2
1785224406.2,1709.6,41.2,0.0,2
1785224408.6,1711.9,41.2,0.0,2
1785224411.0,1714.3,41.2,0.0,2
1785224413.3,1716.7,41.300000000000004,0.0,2
1785224415.7,1719.0,41.2,0.0,2
1785224418.0,1721.4,41.300000000000004,0.0,2
1785224420.4,1723.7,41.300000000000004,0.0,2
1785224422.7,1726.1,41.300000000000004,0.0,2
1785224425.1,1728.4,41.300000000000004,0.0,2
1785224427.5,1730.8,41.5,0.0,2
1785224429.9,1733.2,41.5,0.0,2
1785224432.2,1735.5,41.400000000000006,0.0,2
1785224434.6,1737.9,41.400000000000006,0.0,2
1785224437.0,1740.3,41.5,0.0,2
1785224439.4,1742.7,41.5,0.0,2
1785224441.7,1745.1,41.5,0.0,2
1785224444.1,1747.5,41.6,0.0,2
1785224446.5,1749.8,41.5,0.0,2
1785224448.9,1752.2,41.5,0.0,2
1785224451.3,1754.6,41.5,0.0,2
1785224453.7,1757.0,41.6,0.0,2
1785224456.0,1759.4,41.5,0.0,2
1785224458.4,1761.8,41.5,0.0,2
1785224460.8,1764.2,41.5,0.0,2
1785224463.2,1766.5,41.6,0.0,2
1785224465.6,1768.9,41.6,0.0,2
1785224468.0,1771.3,41.6,0.0,2
1785224470.3,1773.7,41.400000000000006,0.0,2
1785224472.7,1776.1,41.6,0.0,2
1785224475.1,1778.4,41.5,0.0,2
1785224477.5,1780.8,41.7,0.0,2
1785224479.9,1783.2,41.6,0.0,2
1785224482.3,1785.6,41.6,0.0,2
1785224484.7,1788.0,41.6,0.0,2
1785224487.0,1790.4,41.6,0.0,2
1785224489.4,1792.8,41.7,0.0,2
1785224491.8,1795.1,41.6,0.0,2
1785224494.2,1797.5,41.6,0.0,2
1785224496.6,1799.9,41.6,0.0,2
1785224498.9,1802.3,41.6,0.0,2
1785224501.3,1804.7,41.5,0.0,2
1785224503.7,1807.0,41.6,0.0,2
1785224506.1,1809.4,41.7,0.0,2
1785224508.5,1811.8,41.800000000000004,0.0,2
1785224510.9,1814.2,41.6,0.0,2
1785224513.3,1816.6,41.6,0.0,2
1785224515.6,1819.0,41.6,0.0,2
1785224518.0,1821.4,41.6,0.0,2
1785224520.4,1823.7,41.6,0.0,2
1785224522.8,1826.1,41.6,0.0,2
1785224525.2,1828.5,41.6,0.0,2
1785224527.6,1830.9,41.6,0.0,2
1785224529.9,1833.3,41.5,0.0,2
1785224532.3,1835.7,41.6,0.0,2
1785224534.7,1838.1,41.6,0.0,2
1785224537.1,1840.4,41.6,0.0,2
1785224539.5,1842.8,41.5,0.0,2
1785224541.9,1845.2,41.5,0.0,2
1785224544.3,1847.6,41.6,0.0,2
1785224546.7,1850.0,41.400000000000006,0.0,2
1785224549.1,1852.4,41.6,0.0,2
1785224551.4,1854.8,41.5,0.0,2
1785224553.8,1857.2,41.5,0.0,2
1785224556.2,1859.5,41.5,0.0,2
1785224558.6,1861.9,41.5,0.0,2
1785224561.0,1864.3,41.6,0.0,2
1785224563.3,1866.7,41.5,0.0,2
1785224565.7,1869.0,41.6,0.0,2
1785224568.1,1871.4,41.5,0.0,2
1785224570.5,1873.8,41.400000000000006,0.0,2
1785224572.9,1876.2,41.5,0.0,2
1785224575.2,1878.6,41.5,0.0,2
1785224577.6,1881.0,41.5,0.0,2
1785224580.0,1883.3,41.5,0.0,2
1785224582.4,1885.7,41.5,0.0,2
1785224584.7,1888.1,41.400000000000006,0.0,2
1785224587.1,1890.5,41.400000000000006,0.0,2
1785224589.5,1892.9,41.400000000000006,0.0,2
1785224591.9,1895.3,41.400000000000006,0.0,2
1785224594.3,1897.6,41.400000000000006,0.0,2
1785224596.7,1900.0,41.400000000000006,0.0,2
1785224599.1,1902.4,41.400000000000006,0.0,2
1785224601.5,1904.8,41.400000000000006,0.0,2
1785224603.9,1907.2,41.400000000000006,0.0,2
1785224606.2,1909.6,41.400000000000006,0.0,2
1785224608.5,1911.9,41.400000000000006,0.0,2
1785224610.9,1914.2,41.300000000000004,0.0,2
1785224613.2,1916.5,41.400000000000006,0.0,2
1785224615.5,1918.9,41.400000000000006,0.0,2
1785224617.9,1921.2,41.300000000000004,0.0,2
1785224620.2,1923.5,41.400000000000006,0.0,2
1785224622.5,1925.8,41.300000000000004,0.0,2
1785224624.8,1928.2,41.300000000000004,0.0,2
1785224627.2,1930.5,41.400000000000006,0.0,2
1785224629.6,1932.9,41.400000000000006,0.0,2
1785224631.9,1935.2,41.300000000000004,0.0,2
1785224634.3,1937.6,41.300000000000004,0.0,2
1785224636.6,1939.9,41.300000000000004,0.0,2
1785224638.9,1942.3,41.300000000000004,0.0,2
1785224641.3,1944.6,41.300000000000004,0.0,2
1785224643.6,1947.0,41.300000000000004,0.0,2
1785224646.0,1949.3,41.300000000000004,0.0,2
1785224648.4,1951.7,41.300000000000004,0.0,2
1785224650.7,1954.1,41.400000000000006,0.0,2
1785224653.1,1956.4,41.300000000000004,0.0,2
1785224655.4,1958.8,41.2,0.0,2
1785224657.8,1961.1,41.1,0.0,2
1785224660.1,1963.5,41.2,0.0,2
1785224662.5,1965.8,41.2,0.0,2
1785224664.8,1968.2,41.300000000000004,0.0,2
1785224667.2,1970.5,41.2,0.0,2
1785224669.5,1972.9,41.2,0.0,2
1785224671.9,1975.2,41.2,0.0,2
1785224674.2,1977.6,41.300000000000004,0.0,2
1785224676.6,1979.9,41.2,0.0,2
1785224678.9,1982.2,41.300000000000004,0.0,2
1785224681.2,1984.6,41.2,0.0,2
1785224683.6,1987.0,41.2,0.0,2
1785224686.0,1989.3,41.1,0.0,2
1785224688.3,1991.7,41.1,0.0,2
1785224690.7,1994.0,41.1,0.0,2
1785224693.1,1996.4,41.2,0.0,2
1785224695.4,1998.7,41.1,0.0,2
1785224697.7,2001.1,41.1,0.0,2
1785224700.1,2003.4,41.1,0.0,2
1785224702.5,2005.8,41.1,0.0,2
1785224704.8,2008.1,41.1,0.0,2
1785224707.1,2010.5,41.1,0.0,2
1785224709.5,2012.8,41.1,0.0,2
1785224711.8,2015.2,40.900000000000006,0.0,2
1785224714.2,2017.5,41.1,0.0,2
1785224716.5,2019.8,41.0,0.0,2
1785224718.9,2022.2,41.0,0.0,2
1785224721.2,2024.6,41.0,0.0,2
1785224723.6,2026.9,41.0,0.0,2
1785224725.9,2029.3,41.0,0.0,2
1785224728.3,2031.6,41.0,0.0,2
1785224730.6,2034.0,41.0,0.0,2
1785224733.0,2036.3,40.900000000000006,0.0,2
1785224735.4,2038.7,40.900000000000006,0.0,2
1785224737.7,2041.0,41.0,0.0,2
1785224740.0,2043.4,40.900000000000006,0.0,2
1785224742.4,2045.7,40.900000000000006,0.0,2
1785224744.7,2048.1,41.0,0.0,2
1785224747.1,2050.4,40.900000000000006,0.0,2
1785224749.4,2052.8,40.900000000000006,0.0,2
1785224751.8,2055.1,40.800000000000004,0.0,2
1785224754.1,2057.4,40.800000000000004,0.0,2
1785224756.4,2059.8,40.7,0.0,2
1785224758.8,2062.1,40.800000000000004,0.0,2
1785224761.1,2064.5,40.800000000000004,0.0,2
1785224763.5,2066.8,40.900000000000006,0.0,2
1785224765.8,2069.1,40.900000000000006,0.0,2
1785224768.2,2071.5,40.900000000000006,0.0,2
1785224770.5,2073.8,40.800000000000004,0.0,2
1785224772.8,2076.2,40.900000000000006,0.0,2
1785224775.2,2078.5,40.800000000000004,0.0,2
1785224777.5,2080.8,40.800000000000004,0.0,2
1785224779.8,2083.2,40.7,0.0,2
1785224782.2,2085.5,40.800000000000004,0.0,2
1785224784.5,2087.9,40.800000000000004,0.0,2
1785224786.9,2090.2,40.7,0.0,2
1785224789.2,2092.5,40.7,0.0,2
1785224791.5,2094.9,40.800000000000004,0.0,2
1785224793.9,2097.2,40.7,0.0,2
1785224796.2,2099.6,40.7,0.0,2
1785224798.6,2101.9,40.800000000000004,0.0,2
1785224801.0,2104.3,40.7,0.0,2
1785224803.3,2106.7,40.7,0.0,2
1785224805.7,2109.0,40.7,0.0,2
1785224808.1,2111.4,40.7,0.0,2
1785224810.4,2113.8,40.7,0.0,2
1785224812.8,2116.1,40.6,0.0,2
1785224815.1,2118.5,40.6,0.0,2
1785224817.5,2120.8,40.7,0.0,2
1785224819.8,2123.2,40.6,0.0,2
1785224822.2,2125.5,40.5,0.0,2
1785224824.5,2127.9,40.5,0.0,2
1785224826.9,2130.2,40.7,0.0,2
1785224829.2,2132.6,40.7,0.0,2
1785224831.6,2134.9,40.7,0.0,2
1785224833.9,2137.3,40.800000000000004,0.0,2
1785224836.3,2139.6,40.6,0.0,2
1785224838.6,2142.0,40.6,0.0,2
1785224841.0,2144.3,40.6,0.0,2
1785224843.4,2146.7,40.6,0.0,2
1785224845.7,2149.0,40.5,0.0,2
1785224848.0,2151.4,40.5,0.0,2
1785224850.4,2153.7,40.6,0.0,2
1785224852.7,2156.0,40.6,0.0,2
1785224855.0,2158.4,40.5,0.0,2
1785224857.4,2160.7,40.5,0.0,2
1785224859.7,2163.0,40.5,0.0,2
1785224862.0,2165.4,40.5,0.0,2
1785224864.4,2167.7,40.6,0.0,2
1785224866.7,2170.0,40.400000000000006,0.0,2
1785224869.0,2172.4,40.300000000000004,0.0,2
1785224871.4,2174.7,40.5,0.0,2
1785224873.8,2177.1,40.400000000000006,0.0,2
1785224876.2,2179.5,40.400000000000006,0.0,2
1785224878.5,2181.8,40.5,0.0,2
1785224880.9,2184.2,40.5,0.0,2
1785224883.2,2186.6,40.400000000000006,0.0,2
1785224885.6,2188.9,40.5,0.0,2
1785224887.9,2191.3,40.400000000000006,0.0,2
1785224890.3,2193.6,40.5,0.0,2
1785224892.6,2196.0,40.5,0.0,2
1785224895.0,2198.3,40.300000000000004,0.0,2
1785224897.3,2200.7,40.400000000000006,0.0,2
1785224899.7,2203.0,40.400000000000006,0.0,2
1785224902.0,2205.4,40.400000000000006,0.0,2
1785224904.4,2207.7,40.400000000000006,0.0,2
1785224906.8,2210.1,40.400000000000006,0.0,2
1785224909.1,2212.5,40.400000000000006,0.0,2
1785224911.5,2214.9,40.400000000000006,0.0,2
1785224913.9,2217.2,40.300000000000004,0.0,2
1785224916.2,2219.6,40.300000000000004,0.0,2
1785224918.6,2221.9,40.300000000000004,0.0,2
1785224920.9,2224.2,40.300000000000004,0.0,2
1785224923.3,2226.6,40.300000000000004,0.0,2
1785224925.6,2228.9,40.300000000000004,0.0,2
1785224927.9,2231.3,40.300000000000004,0.0,2
1785224930.3,2233.6,40.300000000000004,0.0,2
1785224932.6,2236.0,40.300000000000004,0.0,2
1785224935.0,2238.3,40.400000000000006,0.0,2
1785224937.4,2240.7,40.2,0.0,2
1785224939.8,2243.1,40.2,0.0,2
1785224942.1,2245.5,40.300000000000004,0.0,2
1785224944.5,2247.9,40.300000000000004,0.0,2
1785224946.9,2250.2,40.300000000000004,0.0,2
1785224949.3,2252.6,40.300000000000004,0.0,2
1785224951.7,2255.0,40.300000000000004,0.0,2
1785224954.1,2257.4,40.2,0.0,2
1785224956.4,2259.8,40.300000000000004,0.0,2
1785224958.8,2262.2,40.2,0.0,2
1785224961.2,2264.5,40.2,0.0,2
1785224963.6,2266.9,40.2,0.0,2
1785224965.9,2269.3,40.2,0.0,2
1785224968.3,2271.7,40.2,0.0,2
1785224970.7,2274.1,40.2,0.0,2
1785224973.1,2276.4,40.1,0.0,2
1785224975.5,2278.8,40.1,0.0,2
1785224977.9,2281.2,40.2,0.0,2
1785224980.3,2283.6,40.2,0.0,2
1785224982.6,2286.0,40.2,0.0,2
1785224985.0,2288.4,40.2,0.0,2
1785224987.4,2290.7,40.0,0.0,2
1785224989.8,2293.1,40.1,0.0,2
1785224992.2,2295.5,40.1,0.0,2
1785224994.6,2297.9,40.0,0.0,2
1785224996.9,2300.3,40.0,0.0,2
1785224999.3,2302.7,40.1,0.0,2
1785225001.7,2305.0,40.0,0.0,2
1785225004.1,2307.4,40.1,0.0,2
1785225006.5,2309.8,40.0,0.0,2
1785225008.9,2312.2,40.1,0.0,2
1785225011.2,2314.6,40.1,0.0,2
1785225013.6,2317.0,39.900000000000006,0.0,2
1785225016.0,2319.3,40.1,0.0,2
1785225018.3,2321.6,40.1,0.0,2
1785225020.6,2323.9,40.0,0.0,2
1785225022.9,2326.3,39.900000000000006,0.0,2
1785225025.2,2328.6,40.0,0.0,2
1785225027.6,2330.9,40.0,0.0,2
1785225029.9,2333.2,40.0,0.0,2
1785225032.2,2335.5,40.0,0.0,2
1785225034.5,2337.9,39.900000000000006,0.0,2
1785225036.9,2340.2,39.900000000000006,0.0,2
1785225039.2,2342.6,39.900000000000006,0.0,2
1785225041.5,2344.9,39.900000000000006,0.0,2
1785225043.9,2347.2,39.900000000000006,0.0,2
1785225046.2,2349.5,39.900000000000006,0.0,2
1785225048.5,2351.8,39.800000000000004,0.0,2
1785225050.9,2354.2,40.0,0.0,2
1785225053.2,2356.5,40.0,0.0,2
1785225055.5,2358.8,39.7,0.0,2
1785225057.8,2361.1,39.800000000000004,0.0,2
1785225060.1,2363.5,39.800000000000004,0.0,2
1785225062.5,2365.9,39.900000000000006,0.0,2
1785225064.8,2368.2,39.900000000000006,0.0,2
1785225067.2,2370.5,39.800000000000004,0.0,2
1785225069.5,2372.8,39.900000000000006,0.0,2
1785225071.8,2375.2,39.800000000000004,0.0,2
1785225074.1,2377.5,39.800000000000004,0.0,2
1785225076.5,2379.8,39.800000000000004,0.0,2
1785225078.8,2382.1,39.7,0.0,2
1785225081.1,2384.5,39.900000000000006,0.0,2
1785225083.4,2386.8,39.800000000000004,0.0,2
1785225085.8,2389.1,39.800000000000004,0.0,2
1785225088.1,2391.4,39.800000000000004,0.0,2
1785225090.4,2393.8,39.7,0.0,2
1785225092.8,2396.1,39.800000000000004,0.0,2
1785225095.1,2398.4,39.7,0.0,2
1785225097.4,2400.7,39.800000000000004,0.0,2
1785225099.7,2403.1,39.7,0.0,2
1785225102.1,2405.4,39.7,0.0,2
1785225104.4,2407.7,39.7,0.0,2
1785225106.7,2410.0,39.7,0.0,2
1785225109.1,2412.4,39.800000000000004,0.0,2
1785225111.4,2414.7,39.7,0.0,2
1785225113.7,2417.0,39.800000000000004,0.0,2
1785225116.0,2419.4,39.7,0.0,2
1785225118.4,2421.7,39.7,0.0,2
1785225120.7,2424.0,39.7,0.0,2
1785225123.0,2426.4,39.7,0.0,2
1785225125.3,2428.7,39.6,0.0,2
1785225127.7,2431.0,39.6,0.0,2
1785225130.0,2433.3,39.5,0.0,2
1785225132.3,2435.7,39.800000000000004,0.0,2
1785225134.6,2438.0,39.7,0.0,2
1785225137.0,2440.3,39.800000000000004,0.0,2
1785225139.3,2442.6,39.7,0.0,2
1785225141.6,2444.9,39.7,0.0,2
1785225143.9,2447.3,39.6,0.0,2
1785225146.3,2449.6,39.7,0.0,2
1785225148.6,2451.9,39.5,0.0,2
1785225150.9,2454.2,39.6,0.0,2
1785225153.2,2456.6,39.5,0.0,2
1785225155.6,2458.9,39.6,0.0,2
1785225157.9,2461.3,39.5,0.0,2
1785225160.3,2463.6,39.5,0.0,2
1785225162.6,2465.9,39.6,0.0,2
1785225164.9,2468.2,39.5,0.0,2
1785225167.2,2470.6,39.5,0.0,2
1785225169.5,2472.9,39.5,100.0,4
