t_rel,PV,MV_pct
2.2,37.300000000000004,0.0
4.5,37.2,100.0
6.7,37.2,100.0
8.9,37.2,100.0
11.1,37.2,100.0
13.3,37.300000000000004,100.0
15.6,37.300000000000004,100.0
17.8,37.2,100.0
20.0,37.2,100.0
22.3,37.300000000000004,100.0
24.5,37.300000000000004,100.0
26.7,37.2,100.0
29.0,37.2,100.0
31.2,37.300000000000004,100.0
33.4,37.2,100.0
35.7,37.2,100.0
37.9,37.2,100.0
40.1,37.2,100.0
42.4,37.300000000000004,100.0
44.6,37.300000000000004,100.0
46.8,37.300000000000004,100.0
49.1,37.2,100.0
51.3,37.300000000000004,100.0
53.6,37.2,100.0
55.8,37.300000000000004,100.0
58.1,37.300000000000004,100.0
60.3,37.300000000000004,100.0
62.6,37.300000000000004,100.0
64.8,37.4,100.0
67.1,37.4,100.0
69.3,37.300000000000004,100.0
71.6,37.5,100.0
73.8,37.4,100.0
76.1,37.5,100.0
78.3,37.5,100.0
80.6,37.4,100.0
82.8,37.4,100.0
85.1,37.5,100.0
87.3,37.5,100.0
89.6,37.5,100.0
91.8,37.5,100.0
94.1,37.6,100.0
96.3,37.6,100.0
98.6,37.5,100.0
100.8,37.6,100.0
103.0,37.7,100.0
105.3,37.7,100.0
107.5,37.7,100.0
109.8,37.6,100.0
112.0,37.7,100.0
114.3,37.800000000000004,100.0
116.6,37.800000000000004,100.0
118.8,37.800000000000004,100.0
121.0,37.800000000000004,100.0
123.3,37.800000000000004,100.0
125.6,37.9,100.0
127.8,37.9,100.0
130.0,37.9,100.0
132.3,37.9,100.0
134.5,38.0,100.0
136.8,38.0,100.0
139.0,38.0,100.0
141.3,38.2,100.0
143.5,38.1,100.0
145.8,38.1,100.0
148.0,38.1,100.0
150.3,38.2,100.0
152.5,38.300000000000004,100.0
154.8,38.300000000000004,100.0
157.1,38.300000000000004,100.0
159.3,38.300000000000004,100.0
161.5,38.300000000000004,100.0
163.8,38.400000000000006,100.0
166.1,38.5,100.0
168.3,38.5,100.0
170.5,38.6,100.0
172.8,38.5,100.0
175.0,38.6,100.0
177.3,38.6,100.0
179.5,38.7,100.0
181.8,38.7,100.0
184.1,38.7,75.83984375
186.3,38.800000000000004,75.83984375
188.6,38.800000000000004,23.72265625
190.8,38.900000000000006,18.140625
193.1,38.900000000000006,18.140625
195.3,39.0,0.0
197.6,39.0,0.0
199.8,39.0,0.0
202.1,39.0,0.0
204.3,39.1,5.08203125
206.5,39.1,35.0234375
208.8,39.2,35.0234375
211.0,39.300000000000004,0.0
213.3,39.300000000000004,0.0
215.5,39.300000000000004,0.0
217.8,39.400000000000006,0.0
220.0,39.400000000000006,0.0
222.3,39.5,0.0
224.5,39.400000000000006,0.0
226.8,39.5,0.0
229.0,39.400000000000006,0.0
231.3,39.5,0.0
233.5,39.5,0.0
235.8,39.5,11.65234375
238.0,39.6,11.65234375
240.3,39.6,0.0
242.6,39.6,0.0
244.8,39.5,0.0
247.1,39.5,19.25
249.3,39.7,19.25
251.6,39.6,0.0
253.8,39.6,0.0
256.1,39.800000000000004,1.2578125
258.3,39.7,1.2578125
260.5,39.800000000000004,0.0
262.8,39.800000000000004,0.0
265.0,39.800000000000004,0.0
267.3,39.800000000000004,0.0
269.5,39.7,0.0
271.8,39.7,14.328125
274.0,39.900000000000006,14.328125
276.3,39.7,0.0
278.5,39.900000000000006,0.0
280.8,39.800000000000004,0.0
283.0,40.0,0.0
285.3,39.900000000000006,0.0
287.5,39.900000000000006,0.0
289.8,39.900000000000006,0.0
292.0,40.0,0.0
294.3,40.1,0.0
296.5,40.0,0.0
298.8,40.0,0.0
301.0,40.0,0.0
303.3,40.1,0.0
305.5,39.900000000000006,0.0
307.8,40.0,15.34375
310.0,40.1,15.34375
312.3,40.0,0.0
314.5,40.0,25.39453125
316.8,40.0,25.39453125
319.0,40.0,0.0
321.2,39.900000000000006,0.0
323.5,40.0,30.8359375
325.7,40.0,30.8359375
328.0,40.0,0.98828125
330.2,40.1,0.98828125
332.5,40.0,0.0
334.7,39.900000000000006,0.0
336.9,40.1,0.0
339.2,40.2,0.0
341.5,40.1,0.0
343.7,40.1,0.0
346.0,40.1,0.0
348.2,40.0,0.0
350.5,39.900000000000006,0.0
352.7,40.0,65.2421875
355.0,40.1,41.21875
357.3,40.0,41.21875
359.5,40.0,17.5859375
361.7,40.1,17.5859375
364.0,40.1,0.0
366.2,40.0,0.0
368.5,40.1,0.0
370.7,40.0,0.0
373.0,40.0,0.0
375.2,40.2,0.0
377.5,40.1,0.0
379.7,40.0,18.53515625
382.0,40.0,18.53515625
384.2,40.0,28.203125
386.5,40.0,28.203125
388.7,40.1,28.95703125
391.0,40.1,0.0
393.2,40.0,0.0
395.5,40.0,13.12109375
397.7,40.1,13.12109375
400.0,40.0,21.87109375
402.2,40.0,21.87109375
404.5,40.0,24.6328125
406.7,40.0,22.8828125
409.0,40.0,22.8828125
411.2,40.1,19.265625
413.5,40.1,19.265625
415.7,40.2,0.0
417.9,40.1,0.0
420.2,40.0,0.0
422.5,40.1,0.0
424.7,40.1,0.0
426.9,40.2,0.0
429.2,40.1,0.0
431.4,40.0,27.74609375
433.7,40.0,27.74609375
436.0,40.1,38.96875
438.2,40.0,38.96875
440.5,40.0,36.30078125
442.7,40.0,26.7890625
445.0,40.1,26.7890625
447.2,40.0,17.19140625
449.5,40.0,17.19140625
451.7,40.0,11.37890625
454.0,39.900000000000006,11.37890625
456.2,40.0,53.91015625
458.4,40.0,53.91015625
460.7,40.0,21.48828125
462.9,40.0,0.96875
465.2,40.0,0.96875
467.4,40.1,0.0
469.7,40.0,0.0
471.9,40.0,45.48828125
474.2,40.1,45.48828125
476.4,40.0,0.0
478.7,39.900000000000006,0.0
480.9,40.0,0.0
483.2,40.0,4.4609375
485.5,40.0,4.4609375
487.7,40.0,11.74609375
490.0,40.1,11.74609375
492.3,40.0,0.0
494.5,40.1,0.0
496.8,40.1,0.0
499.0,40.0,22.30859375
501.3,39.900000000000006,22.30859375
503.5,40.1,76.47265625
505.8,40.1,76.47265625
508.0,40.0,0.0
510.3,40.0,0.0
512.5,40.0,2.5
514.8,40.0,0.0
517.0,40.0,0.0
519.3,40.0,0.0
521.5,40.0,0.0
523.8,40.1,19.85546875
526.0,40.2,19.85546875
528.3,40.1,0.0
530.6,40.1,0.0
532.8,40.0,0.0
535.1,40.0,72.58984375
537.3,40.1,72.58984375
539.6,40.0,5.9453125
541.8,40.1,5.9453125
544.0,40.2,0.0
546.3,40.1,0.0
548.6,40.0,0.0
550.8,40.1,21.86328125
553.1,40.1,21.86328125
555.3,40.0,32.09375
557.5,40.0,32.09375
559.8,39.900000000000006,31.60546875
562.0,39.900000000000006,31.60546875
564.3,40.0,69.07421875
566.5,40.1,0.0
568.7,40.0,0.0
571.0,40.0,0.0
573.3,39.900000000000006,0.0
575.5,40.1,44.203125
577.8,40.1,44.203125
580.0,40.0,0.0
582.3,40.0,0.0
584.5,40.0,0.0
586.8,40.0,0.0
589.0,39.900000000000006,0.0
591.3,39.900000000000006,53.9765625
593.5,40.0,53.9765625
595.8,40.0,0.0
598.0,40.0,0.0
600.3,40.1,2.39453125
602.5,40.0,9.328125
604.8,40.2,9.328125
607.0,40.1,0.0
609.2,40.0,0.0
611.5,40.0,60.31640625
613.7,40.0,60.31640625
616.0,40.0,35.45703125
618.2,40.0,35.45703125
620.5,40.0,13.65234375
622.8,40.1,0.0
625.0,40.1,0.0
627.3,40.1,0.0
629.5,40.2,0.0
631.8,40.1,0.0
634.0,40.2,0.0
636.2,40.1,0.0
638.5,39.900000000000006,19.34375
640.8,40.0,19.34375
643.0,40.0,0.0
645.3,40.0,0.0
647.5,40.0,67.015625
649.8,40.0,67.015625
652.1,40.1,43.2890625
654.3,40.0,43.2890625
656.6,40.1,18.99609375
658.8,40.1,0.0
661.0,40.0,0.0
663.3,39.900000000000006,43.453125
665.5,40.1,43.453125
667.8,40.1,15.7421875
670.0,40.0,15.7421875
672.2,40.1,0.19921875
674.5,40.1,0.0
676.8,40.0,0.0
679.0,40.1,0.0
681.3,40.0,0.0
683.5,39.900000000000006,54.47265625
685.8,40.0,54.47265625
688.0,40.1,28.62890625
690.2,40.0,28.62890625
692.4,40.0,8.99609375
694.7,39.900000000000006,0.0
696.9,40.0,0.0
699.1,40.0,2.109375
701.4,40.0,2.109375
703.6,40.1,0.0
705.8,40.1,0.0
708.1,40.1,0.0
710.3,40.0,0.0
712.5,40.0,19.66015625
714.8,40.1,0.0
717.0,40.0,0.0
719.2,40.0,67.1875
721.5,40.1,67.1875
723.7,40.0,0.0
726.0,39.900000000000006,0.0
728.2,40.0,53.390625
730.4,40.0,53.390625
732.6,40.0,27.36328125
734.8,40.1,8.1328125
737.1,40.1,8.1328125
739.3,39.900000000000006,0.46484375
741.6,40.1,0.46484375
743.8,39.900000000000006,0.0
746.1,40.0,0.0
748.3,40.2,8.5703125
750.6,40.0,16.5546875
752.8,40.2,16.5546875
755.1,40.0,0.0
757.3,40.0,0.0
759.5,40.0,17.0234375
761.8,40.1,17.0234375
764.0,40.1,0.0
